info_id,user_id,first_name,last_name,gender,age,family_number,phone,purok,barangay,municipality,province,zipcode,profile_picture,created_at,updated_at
1,1,Carlos,Reyes,Male,30,4,09171234567,2,"San Juan",Bayawan,"Negros Oriental",3200,,"2025-11-23 18:55:20","2025-11-23 18:55:20"
2,2,Maria,Santos,Female,21,1,09987654321,3,Poblacion,Bayawan,"Negros Oriental",3200,,"2025-11-23 18:55:20","2025-11-23 18:55:20"
3,3,OTC,Paid,Male,30,3,09123456789,1,Borlongan,Dipaculao,Aurora,3203,,"2025-11-23 18:55:20","2025-11-23 18:55:20"
4,4,OTC,User,Male,30,3,09123456789,1,Borlongan,Dipaculao,Aurora,3203,,"2025-11-23 18:55:20","2025-11-23 18:55:20"
5,5,First11,Last11,Female,37,2,09560975725,1,Borlongan,Dipaculao,Aurora,3203,,"2025-11-23 18:55:20","2025-11-23 18:55:20"
6,6,First12,Last12,Male,29,6,09987467937,1,Borlongan,Dipaculao,Aurora,3203,,"2025-11-23 18:55:20","2025-11-23 18:55:20"
7,7,First13,Last13,Female,50,3,09272608078,1,Borlongan,Dipaculao,Aurora,3203,,"2025-11-23 18:55:20","2025-11-23 18:55:20"
8,8,First14,Last14,Female,23,5,09441694647,1,Borlongan,Dipaculao,Aurora,3203,,"2025-11-23 18:55:20","2025-11-23 18:55:20"
9,9,First15,Last15,Female,35,3,09439629869,1,Borlongan,Dipaculao,Aurora,3203,,"2025-11-23 18:55:21","2025-11-23 18:55:21"
10,10,First21,Last21,Male,49,6,09529067349,2,Borlongan,Dipaculao,Aurora,3203,,"2025-11-23 18:55:21","2025-11-23 18:55:21"
11,11,First22,Last22,Female,28,2,09283149794,2,Borlongan,Dipaculao,Aurora,3203,,"2025-11-23 18:55:21","2025-11-23 18:55:21"
12,12,First23,Last23,Female,35,5,09378508690,2,Borlongan,Dipaculao,Aurora,3203,,"2025-11-23 18:55:21","2025-11-23 18:55:21"
13,13,First24,Last24,Male,20,2,09176537977,2,Borlongan,Dipaculao,Aurora,3203,,"2025-11-23 18:55:21","2025-11-23 18:55:21"
14,14,First25,Last25,Female,26,6,09129226843,2,Borlongan,Dipaculao,Aurora,3203,,"2025-11-23 18:55:21","2025-11-23 18:55:21"
15,15,First31,Last31,Female,22,6,09281440653,3,Borlongan,Dipaculao,Aurora,3203,,"2025-11-23 18:55:21","2025-11-23 18:55:21"
16,16,First32,Last32,Female,53,2,09140528683,3,Borlongan,Dipaculao,Aurora,3203,,"2025-11-23 18:55:21","2025-11-23 18:55:21"
17,17,First33,Last33,Female,58,4,09791006280,3,Borlongan,Dipaculao,Aurora,3203,,"2025-11-23 18:55:22","2025-11-23 18:55:22"
18,18,First34,Last34,Female,34,2,09871471119,3,Borlongan,Dipaculao,Aurora,3203,,"2025-11-23 18:55:22","2025-11-23 18:55:22"
19,19,First35,Last35,Male,36,4,09978280561,3,Borlongan,Dipaculao,Aurora,3203,,"2025-11-23 18:55:22","2025-11-23 18:55:22"
20,20,First41,Last41,Male,57,4,09673887627,4,Borlongan,Dipaculao,Aurora,3203,,"2025-11-23 18:55:22","2025-11-23 18:55:22"
21,21,First42,Last42,Male,59,2,09734913771,4,Borlongan,Dipaculao,Aurora,3203,,"2025-11-23 18:55:22","2025-11-23 18:55:22"
22,22,First43,Last43,Female,53,4,09887171008,4,Borlongan,Dipaculao,Aurora,3203,,"2025-11-23 18:55:22","2025-11-23 18:55:22"
23,23,First44,Last44,Female,57,3,09976622882,4,Borlongan,Dipaculao,Aurora,3203,,"2025-11-23 18:55:22","2025-11-23 18:55:22"
24,24,First45,Last45,Female,50,3,09741591524,4,Borlongan,Dipaculao,Aurora,3203,,"2025-11-23 18:55:23","2025-11-23 18:55:23"
25,25,First51,Last51,Male,21,3,09519470294,5,Borlongan,Dipaculao,Aurora,3203,,"2025-11-23 18:55:23","2025-11-23 18:55:23"
26,26,First52,Last52,Male,27,4,09404521191,5,Borlongan,Dipaculao,Aurora,3203,,"2025-11-23 18:55:23","2025-11-23 18:55:23"
27,27,First53,Last53,Male,60,6,09651076228,5,Borlongan,Dipaculao,Aurora,3203,,"2025-11-23 18:55:23","2025-11-23 18:55:23"
28,28,First54,Last54,Male,18,2,09789697795,5,Borlongan,Dipaculao,Aurora,3203,,"2025-11-23 18:55:23","2025-11-23 18:55:23"
29,29,First55,Last55,Female,28,5,09641841083,5,Borlongan,Dipaculao,Aurora,3203,,"2025-11-23 18:55:23","2025-11-23 18:55:23"
30,30,First61,Last61,Female,23,5,09675534014,6,Borlongan,Dipaculao,Aurora,3203,,"2025-11-23 18:55:23","2025-11-23 18:55:23"
31,31,First62,Last62,Male,26,2,09177400928,6,Borlongan,Dipaculao,Aurora,3203,,"2025-11-23 18:55:23","2025-11-23 18:55:23"
32,32,First63,Last63,Male,51,5,09167549545,6,Borlongan,Dipaculao,Aurora,3203,,"2025-11-23 18:55:24","2025-11-23 18:55:24"
33,33,First64,Last64,Female,23,5,09607604704,6,Borlongan,Dipaculao,Aurora,3203,,"2025-11-23 18:55:24","2025-11-23 18:55:24"
34,34,First65,Last65,Male,42,4,09733707326,6,Borlongan,Dipaculao,Aurora,3203,,"2025-11-23 18:55:24","2025-11-23 18:55:24"
35,35,First71,Last71,Female,54,4,09548370479,7,Borlongan,Dipaculao,Aurora,3203,,"2025-11-23 18:55:24","2025-11-23 18:55:24"
36,36,First72,Last72,Female,58,5,09455300554,7,Borlongan,Dipaculao,Aurora,3203,,"2025-11-23 18:55:24","2025-11-23 18:55:24"
37,37,First73,Last73,Female,52,6,09403171451,7,Borlongan,Dipaculao,Aurora,3203,,"2025-11-23 18:55:24","2025-11-23 18:55:24"
38,38,First74,Last74,Female,38,6,09728635040,7,Borlongan,Dipaculao,Aurora,3203,,"2025-11-23 18:55:24","2025-11-23 18:55:24"
39,39,First75,Last75,Male,25,2,09309884250,7,Borlongan,Dipaculao,Aurora,3203,,"2025-11-23 18:55:25","2025-11-23 18:55:25"
