id,email,password,active,status,is_verified,profile_complete,otp_code,otp_expires,created_at,updated_at
1,user1@example.com,$2y$10$7OIYLdX3BDiL7giN/NQt/etgENkg7rdhqSo5jMuJ/de5vsHZtoKPy,0,pending,1,0,,,"2025-11-23 18:55:19","2025-11-23 18:55:19"
2,user2@example.com,$2y$10$UCvT8PMWci31hB7UXkNtwejdx639cjZ2JKYhOIv61w45kORAz2Zi6,2,approved,0,0,,,"2025-11-23 18:55:20","2025-11-23 18:55:20"
3,otcpaid@mail.com,$2y$10$c1wb6UmoDdpMQVL3IMtG/O5U8vxeCS8KPSx72Y.fwBNgZ8jD8LAsq,1,approved,1,1,,,"2025-11-23 18:55:20","2025-11-23 18:55:20"
4,otcuser@mail.com,$2y$10$Xi5lWf24a9/oKchJ2uU8x.sOhpDEtA5S4AtZE/uUfyda7UIlGT6s.,1,approved,1,1,,,"2025-11-23 18:55:20","2025-11-23 18:55:20"
5,user1_1@mail.com,$2y$10$kaOu81FVg/uWMZwYvV8MKeJhfG833lJmaNHJtrTJhFyaJ91IKRGNu,1,approved,1,1,,,"2025-11-23 18:55:20","2025-11-23 18:55:20"
6,user1_2@mail.com,$2y$10$Syk3gEQu7fsiVwrUAwyep.hffAESwHHzARmmo2NXvRI9rT/uPetE2,1,approved,1,1,,,"2025-11-23 18:55:20","2025-11-23 18:55:20"
7,user1_3@mail.com,$2y$10$nA8CMC83CimCea3zicQIEOzRIM6JKLkg3cnUNUqBdC5htSqXI1rHm,1,approved,1,1,,,"2025-11-23 18:55:20","2025-11-23 18:55:20"
8,user1_4@mail.com,$2y$10$FxMKT9tV8OPvNATiGStaWud8/FqMmdq6Qx.5jf/w2nwukKJc.EWEC,1,approved,1,1,,,"2025-11-23 18:55:20","2025-11-23 18:55:20"
9,user1_5@mail.com,$2y$10$klISW4ompI5yf/Kz5oDit.CveJETnBxEvnkVCKUqS0yPBrdYBXuGO,1,approved,1,1,,,"2025-11-23 18:55:21","2025-11-23 18:55:21"
10,user2_1@mail.com,$2y$10$U96d7C2UgBJK54a.5v1Y9.k1BYPEQPQb2EFTExC7Val3m/cfibqUO,1,approved,1,1,,,"2025-11-23 18:55:21","2025-11-23 18:55:21"
11,user2_2@mail.com,$2y$10$cfEIkKE0RZPa0vaOL5EF9.zuF.yxzP.oLegBW3YXK4i99fTs1.5yG,1,approved,1,1,,,"2025-11-23 18:55:21","2025-11-23 18:55:21"
12,user2_3@mail.com,$2y$10$kHltWZvnk1S6gV/9R5Url.q.McTMj5itdeRZ4AN4.wyPCJGrnrcvK,1,approved,1,1,,,"2025-11-23 18:55:21","2025-11-23 18:55:21"
13,user2_4@mail.com,$2y$10$fSKnqgv3TG3vlxSUbwbZWOXwh407aSOqV/jn7N8Eksnaazh0Ltelm,1,approved,1,1,,,"2025-11-23 18:55:21","2025-11-23 18:55:21"
14,user2_5@mail.com,$2y$10$1M.r8n/kFC.Yz8FXgJuFfeLySg1i1SrFhJ7nzjOiejXKCqDblggnu,1,approved,1,1,,,"2025-11-23 18:55:21","2025-11-23 18:55:21"
15,user3_1@mail.com,$2y$10$2KmNIqKYdEMaXq/dXU2Ghup6BreW9yXQcFGUg9zlBjeuvSYJxrxCa,1,approved,1,1,,,"2025-11-23 18:55:21","2025-11-23 18:55:21"
16,user3_2@mail.com,$2y$10$IkKo66kA.oF7WqJy6Yc2pussAeQrgSNw7iQFKtj0nGF.UjoMvIVdK,1,approved,1,1,,,"2025-11-23 18:55:21","2025-11-23 18:55:21"
17,user3_3@mail.com,$2y$10$genD1HyKlfWoT3XsNx2UH.Eerfei5hk/IFhyGyP1EfTYscbsVTBTG,1,approved,1,1,,,"2025-11-23 18:55:22","2025-11-23 18:55:22"
18,user3_4@mail.com,$2y$10$fh.JlsbOoPa8kRv1Tldot.vNkU2JB9K87eJTyVUz2oUEJkBJ67wsa,1,approved,1,1,,,"2025-11-23 18:55:22","2025-11-23 18:55:22"
19,user3_5@mail.com,$2y$10$0cCoWw0s96dKdXzE.Ti8PedoonAO/fq5kT47872tNXQLrchuvDdXG,1,approved,1,1,,,"2025-11-23 18:55:22","2025-11-23 18:55:22"
20,user4_1@mail.com,$2y$10$OpUsan5waawuOJKpf2RTOe4PAJHM5QWr3p8cLGOJD0eSi2v1ukeDu,1,approved,1,1,,,"2025-11-23 18:55:22","2025-11-23 18:55:22"
21,user4_2@mail.com,$2y$10$1Sw0kfrqfOQHOAYMMzxXE.Us7GjY5kmtNKWRLbWmgyeglNed4ZweS,1,approved,1,1,,,"2025-11-23 18:55:22","2025-11-23 18:55:22"
22,user4_3@mail.com,$2y$10$wKA5XPtXiUxRerEx.ujWcuJHZOBkgCAuMr60BYLKJ.23YAnz4w4Tm,1,approved,1,1,,,"2025-11-23 18:55:22","2025-11-23 18:55:22"
23,user4_4@mail.com,$2y$10$rQqvU6UkbMq8L.SbkQUT6.rah7TuAp3KFIE9pcAydzee7D6.5MFP6,1,approved,1,1,,,"2025-11-23 18:55:22","2025-11-23 18:55:22"
24,user4_5@mail.com,$2y$10$KOVCKCYZvjI5xNZDBLSxnu80u3ZMCkJKd/5F/y2pwNiqMVB6y.e5C,1,approved,1,1,,,"2025-11-23 18:55:22","2025-11-23 18:55:22"
25,user5_1@mail.com,$2y$10$QTzflYKesoJ9IsG7UfmgjeqEVB1.qFxYkeRSSpPyTgN3AYcydLbuG,1,approved,1,1,,,"2025-11-23 18:55:23","2025-11-23 18:55:23"
26,user5_2@mail.com,$2y$10$ROOSHeCl8QEGCSKHUPmO8.jmtwHZTsVoXSTSjBXSRnjMsmHEFvnoy,1,approved,1,1,,,"2025-11-23 18:55:23","2025-11-23 18:55:23"
27,user5_3@mail.com,$2y$10$/aIRLHl4U/a.6RiIUFfjP../4q5kurOEqFTy6rbErdzWpcyVdhpU6,1,approved,1,1,,,"2025-11-23 18:55:23","2025-11-23 18:55:23"
28,user5_4@mail.com,$2y$10$MXx9N6DJqg29fJRtwG1UROdixFyOEQ1iUABOm6uyOSCrNJ7tZq00y,1,approved,1,1,,,"2025-11-23 18:55:23","2025-11-23 18:55:23"
29,user5_5@mail.com,$2y$10$yDJR4HrRSLNEaFb/LmX.gOkZPzBhU0nxh2wrlDE7QIElOIKNZoFea,1,approved,1,1,,,"2025-11-23 18:55:23","2025-11-23 18:55:23"
30,user6_1@mail.com,$2y$10$eXfqQrmPjukqvo7vufn1IekZyO4jkxozfgttHz8g0OlM4jeGNaX2q,1,approved,1,1,,,"2025-11-23 18:55:23","2025-11-23 18:55:23"
31,user6_2@mail.com,$2y$10$8exF/LeiYwehGB4nNPt5WeSmAi7GWJFiiHLEfrpxvgAVJf/8jZWyG,1,approved,1,1,,,"2025-11-23 18:55:23","2025-11-23 18:55:23"
32,user6_3@mail.com,$2y$10$Kcxyf2MlSNtPDRWXzugtWO6DL81HcuX4omSxctKBhUsgZ7xVdygJ6,1,approved,1,1,,,"2025-11-23 18:55:24","2025-11-23 18:55:24"
33,user6_4@mail.com,$2y$10$1MUTZ/E/eYADCLYV2qu3O.LcklLx.3Kx5Hf756bPxaUNpcUU8h74y,1,approved,1,1,,,"2025-11-23 18:55:24","2025-11-23 18:55:24"
34,user6_5@mail.com,$2y$10$hw8I1DjNxoYRLwECsTsVOOgs.bMLJbCA.J5WvIYVWZHClSwfFj.0a,1,approved,1,1,,,"2025-11-23 18:55:24","2025-11-23 18:55:24"
35,user7_1@mail.com,$2y$10$T7j5xj1if7ka3c1US8OeV.Wm2dKVhkvG02rNlxo8UpGY0kSpMU6yq,1,approved,1,1,,,"2025-11-23 18:55:24","2025-11-23 18:55:24"
36,user7_2@mail.com,$2y$10$XHN41mW0R8HhKGTYfShim.X31Q0IH9cB6sZ4ZPwfwZQkivuGDJloi,1,approved,1,1,,,"2025-11-23 18:55:24","2025-11-23 18:55:24"
37,user7_3@mail.com,$2y$10$mVa5yjVJDzThsihkP.FKOezBeMiqZyo9NZcZaO6wKJPo0kEyTsaBm,1,approved,1,1,,,"2025-11-23 18:55:24","2025-11-23 18:55:24"
38,user7_4@mail.com,$2y$10$WubAN5F.Z0FPhrrgqRQLw.Amozii.Pwso6ncF.VA.XwIU0hd7TuoK,1,approved,1,1,,,"2025-11-23 18:55:24","2025-11-23 18:55:24"
39,user7_5@mail.com,$2y$10$8UiiMtu37Z/RN.ZDzD3KGeOwRuFdo9R0DVqlS90GSyGWjsrqJW3nq,1,approved,1,1,,,"2025-11-23 18:55:25","2025-11-23 18:55:25"
